"Category","Player","Team","Statistic","Season","Team Record","Streak","Team PPG","Team PPG Allowed","Team Point
                    Differential","Playoff Result","Team Win Percentage"
"Points per game","Russell Westbrook","Oklahoma City Thunder",31.6,"16–17","47-35","L1",106.6,105.8,62,"Lost First Round",0.652777777777778
"Rebounds per game","Hassan Whiteside","Miami Heat",14.1,"16–17","41-41","W3",103.2,102.1,87,"Did Not Make Playoffs",0.569444444444444
"Assists per game","James Harden","Houston Rockets",11.2,"16–17","55-27","W1",115.3,109.6,473,"Lost Conf Semi",0.763888888888889
"Steals per game","Draymond Green","Golden State Warriors",2.03,"16–17","67-15","W1",115.9,104.3,954,"Won
                            
                                Finals",0.930555555555556
"Blocks per game","Rudy Gobert","Utah Jazz",2.64,"16–17","51-31","W2",100.7,96.8,323,"Lost Conf Semi",0.708333333333333
"Turnovers per game","James Harden","Houston Rockets",5.7,"16–17","55-27","W1",115.3,109.6,473,"Lost Conf Semi",0.763888888888889
"Fouls per game","DeMarcus Cousins","Sacramento Kings",3.9,"16–17","32-50","L1",102.8,106.7,-318,"Did Not Make Playoffs",0.444444444444444
"Minutes per game","LeBron James","Cleveland Cavaliers",37.8,"16–17","51-31","L4",110.3,107.2,261,"Lost Finals",0.708333333333333
"FG%","DeAndre Jordan","Los Angeles Clippers",71.4,"16–17","51-31","W7",108.7,104.4,352,"Lost First Round",0.708333333333333
"FT%","CJ McCollum","Portland Trail Blazers",91.2,"16–17","41-41","L1",107.9,108.5,-43,"Lost First Round",0.569444444444444
"3FG%","Kyle Korver","Atlanta Hawks",45.1,"16–17","43-39","L1",103.2,104,-70,"Lost First Round",0.597222222222222
"Player efficiency rating","Russell Westbrook","Oklahoma City Thunder",30.7,"16–17","47-35","L1",106.6,105.8,62,"Lost First Round",0.652777777777778
"Double-doubles","James Harden","Houston Rockets",64,"16–17","55-27","W1",115.3,109.6,473,"Lost Conf Semi",0.763888888888889
"Triple-doubles","Russell Westbrook","Oklahoma City Thunder",42,"16–17","47-35","L1",106.6,105.8,62,"Lost First Round",0.652777777777778
"Points","Devin Booker","Phoenix Suns",70,"16-17","24-58","L1",107.7,113.3,-462,"Did Not Make Playoffs",0.333333333333333
"Rebounds","Hassan Whiteside","Miami Heat",25,"16-17","41-41","W3",103.2,102.1,87,"Did Not Make Playoffs",0.569444444444444
"Rebounds","DeAndre Jordan","Los Angeles Clippers",25,"16-17","51-31","W7",108.7,104.4,352,"Lost First Round",0.708333333333333
"Rebounds","Rudy Gobert","Utah Jazz",25,"16-17","51-31","W2",100.7,96.8,323,"Lost Conf Semi",0.708333333333333
"Assists","Russell Westbrook","Oklahoma City Thunder",22,"16-17","47-35","L1",106.6,105.8,62,"Lost First Round",0.652777777777778
"Steals","Draymond Green","Golden State Warriors",10,"16-17","67-15","W1",115.9,104.3,954,"Won
                            
                                Finals",0.930555555555556
"Blocks","Brook Lopez","Brooklyn Nets",8,"16-17","20-62","L2",105.8,112.5,-552,"Did Not Make Playoffs",0.277777777777778
"Blocks","Robin Lopez","Chicago Bulls",8,"16-17","41-41","W2",102.9,102.4,35,"Lost First Round",0.569444444444444
"Blocks","Rudy Gobert","Utah Jazz",8,"16-17","51-31","W2",100.7,96.8,323,"Lost Conf Semi",0.708333333333333
"Three-pointers","Stephen Curry","Golden State Warriors",13,"16-17","67-15","W1",115.9,104.3,954,"Won
                            
                                Finals",0.930555555555556
"Points per game","James Harden","Houston Rockets",30.4,"17–18","65-17","L1",112.4,103.9,695,"Lost Conf Finals",0.902777777777778
"Rebounds per game","Andre Drummond","Detroit Pistons",16,"17–18","39-43","W1",103.8,103.9,-12,"Did Not Make Playoffs",0.541666666666667
"Assists per game","Russell Westbrook","Oklahoma City Thunder",10.3,"17–18","48-34","W3",107.9,104.4,280,"Lost First Round",0.666666666666667
"Steals per game","Victor Oladipo","Indiana Pacers",2.4,"17–18","48-34","L1",105.6,104.2,113,"Lost First Round",0.666666666666667
"Blocks per game","Anthony Davis","New Orleans Pelicans",2.6,"17–18","48-34","W5",111.7,110.4,107,"Lost Conf Semi",0.666666666666667
"Turnovers per game","DeMarcus Cousins","New Orleans Pelicans",5,"17–18","48-34","W5",111.7,110.4,107,"Lost Conf Semi",0.666666666666667
"Fouls per game","DeMarcus Cousins","New Orleans Pelicans",3.8,"17–18","48-34","W5",111.7,110.4,107,"Lost Conf Semi",0.666666666666667
"Minutes per game","LeBron James","Cleveland Cavaliers",37.3,"17–18","50-32","L1",110.9,109.9,77,"Lost Finals",0.694444444444444
"FG%","Clint Capela","Houston Rockets",65.2,"17–18","65-17","L1",112.4,103.9,695,"Lost Conf Finals",0.902777777777778
"FT%","Stephen Curry","Golden State Warriors",92.2,"17–18","58-24","L1",113.5,107.5,490,"Won
                            
                                Finals",0.805555555555556
"3FG%","Darren Collison","Indiana Pacers",46.8,"17–18","48-34","L1",105.6,104.2,113,"Lost First Round",0.666666666666667
"Efficiency per game","James Harden","Houston Rockets",29.87,"17–18","65-17","L1",112.4,103.9,695,"Lost Conf Finals",0.902777777777778
"Double-doubles","Karl-Anthony Towns","Minnesota Timberwolves",68,"17–18","47-35","W3",109.5,107.3,183,"Lost First Round",0.652777777777778
"Triple-doubles","Russell Westbrook","Oklahoma City Thunder",25,"17–18","48-34","W3",107.9,104.4,280,"Lost First Round",0.666666666666667
"Points","James Harden","Houston Rockets",60,"17-18","65-17","L1",112.4,103.9,695,"Lost Conf Finals",0.902777777777778
"Rebounds","Dwight Howard","Charlotte Hornets",30,"17-18","36-46","W1",108.2,108,21,"Did Not Make Playoffs",0.5
"Assists","Rajon Rondo","New Orleans Pelicans",25,"17-18","48-34","W5",111.7,110.4,107,"Lost Conf Semi",0.666666666666667
"Steals","Lou Williams","Los Angeles Clippers",10,"17-18","42-40","L4",109,109,3,"Did Not Make Playoffs",0.583333333333333
"Blocks","Anthony Davis","New Orleans Pelicans",10,"17-18","48-34","W5",111.7,110.4,107,"Lost Conf Semi",0.666666666666667
"Three pointers","Stephen Curry","Golden State Warriors",10,"17-18","58-24","L1",113.5,107.5,490,"Won
                            
                                Finals",0.805555555555556
"Three pointers","Kemba Walker","Charlotte Hornets",10,"17-18","36-46","W1",108.2,108,21,"Did Not Make Playoffs",0.5
"Points per game","James Harden","Houston Rockets",36.1,"18–19","53-29","L1",113.9,109.1,391,"Lost Conf Semi",0.736111111111111
"Rebounds per game","Andre Drummond","Detroit Pistons",15.6,"18–19","41-41","W2",107,107.3,-20,"Lost First Round",0.569444444444444
"Assists per game","Russell Westbrook","Oklahoma City Thunder",10.7,"18–19","49-33","W5",114.5,111.1,279,"Lost First Round",0.680555555555556
"Steals per game","Paul George","Oklahoma City Thunder",2.21,"18–19","49-33","W5",114.5,111.1,279,"Lost First Round",0.680555555555556
"Blocks per game","Myles Turner","Indiana Pacers",2.69,"18–19","48-34","W1",108,104.7,273,"Lost First Round",0.666666666666667
"Turnovers per game","James Harden","Houston Rockets",5,"18–19","53-29","L1",113.9,109.1,391,"Lost Conf Semi",0.736111111111111
"Fouls per game","Jaren Jackson Jr.","Memphis Grizzlies",3.8,"18–19","33-49","W1",103.5,106.1,-213,"Did Not Make Playoffs",0.458333333333333
"Fouls per game","Karl-Anthony Towns","Minnesota Timberwolves",3.8,"18–19","36-46","L3",112.5,114,-123,"Did Not Make Playoffs",0.5
"Minutes per game","Bradley Beal","Washington Wizards",36.9,"18–19","32-50","L4",114,116.9,-238,"Did Not Make Playoffs",0.444444444444444
"Minutes per game","Paul George","Oklahoma City Thunder",36.9,"18–19","49-33","W5",114.5,111.1,279,"Lost First Round",0.680555555555556
"FG%","Rudy Gobert","Utah Jazz",66.9,"18–19","50-32","L1",111.7,106.5,431,"Lost First Round",0.694444444444444
"FT%","Malcolm Brogdon","Milwaukee Bucks",92.8,"18–19","60-22","L1",118.1,109.3,727,"Lost Conf Finals",0.833333333333333
"3FG%","Joe Harris","Brooklyn Nets",47.4,"18–19","42-40","W3",112.2,112.3,-6,"Lost First Round",0.583333333333333
"Efficiency per game","Giannis Antetokounmpo","Milwaukee Bucks",30.9,"18–19","60-22","L1",118.1,109.3,727,"Lost Conf Finals",0.833333333333333
"Double-doubles","Andre Drummond","Detroit Pistons",69,"18–19","41-41","W2",107,107.3,-20,"Lost First Round",0.569444444444444
"Triple-doubles","Russell Westbrook","Oklahoma City Thunder",34,"18–19","49-33","W5",114.5,111.1,279,"Lost First Round",0.680555555555556
"Points","James Harden","Houston Rockets",61,"18-19","53-29","L1",113.9,109.1,391,"Lost Conf Semi",0.736111111111111
"Rebounds","Karl-Anthony Towns","Minnesota Timberwolves",27,"18-19","36-46","L3",112.5,114,-123,"Did Not Make Playoffs",0.5
"Assists","Russell Westbrook","Oklahoma City Thunder",24,"18-19","49-33","W5",114.5,111.1,279,"Lost First Round",0.680555555555556
"Steals","Kyrie Irving","Boston Celtics",8,"18-19","49-33","W1",112.4,108,364,"Lost Conf Semi",0.680555555555556
"Blocks","Hassan Whiteside","Miami Heat",9,"18-19","39-43","L1",105.7,105.9,-19,"Did Not Make Playoffs",0.541666666666667
"Blocks","Mitchell Robinson","New York Knicks",9,"18-19","17-65","L1",104.6,113.8,-755,"Did Not Make Playoffs",0.236111111111111
"Three-pointers","Klay Thompson","Golden State Warriors",14,"18-19","57-25","L1",117.7,111.2,530,"Lost Finals",0.791666666666667
"Points per game","James Harden","Houston Rockets",34.3,"19–20","44-28","L3",117.8,114.8,213,"Lost Conf Semi",0.611111111111111
"Rebounds per game","Andre Drummond","Detroit Pistons",15.2,"19–20","20-46","L5",107.2,110.8,-235,"Did Not Make Playoffs",0.277777777777778
"Assists per game","LeBron James","Los Angeles Lakers",10.2,"19–20","52-19","L1",113.4,107.6,411,"Won
                            
                                Finals",0.722222222222222
"Steals per game","Ben Simmons","Philadelphia 76ers",2.1,"19–20","43-30","W1",110.7,108.4,174,"Lost First Round",0.597222222222222
"Blocks per game","Hassan Whiteside","Portland Trail Blazers",2.9,"19–20","35-39","W3",115,116.1,-85,"Lost First Round",0.486111111111111
"Turnovers per game","Trae Young","Atlanta Hawks",4.8,"19–20","20-47","L1",111.8,119.7,-534,"Did Not Make Playoffs",0.277777777777778
"Fouls per game","Jaren Jackson Jr.","Memphis Grizzlies",4.1,"19–20","34-39","W1",112.6,113.7,-78,"Did Not Make Playoffs",0.472222222222222
"Minutes per game","Damian Lillard","Portland Trail Blazers",37.5,"19–20","35-39","W3",115,116.1,-85,"Lost First Round",0.486111111111111
"FG%","Mitchell Robinson","New York Knicks",74.2,"19–20","21-45","W1",105.8,112.3,-426,"Did Not Make Playoffs",0.291666666666667
"FT%","Brad Wanamaker","Boston Celtics",92.6,"19–20","48-24","L1",113.7,107.3,454,"Lost Conf Finals",0.666666666666667
"3FG%","George Hill","Milwaukee Bucks",46,"19–20","56-17","L1",118.7,108.6,736,"Lost Conf Semi",0.777777777777778
"Efficiency per game","Giannis Antetokounmpo","Milwaukee Bucks",34.6,"19–20","56-17","L1",118.7,108.6,736,"Lost Conf Semi",0.777777777777778
"Double-doubles","Giannis Antetokounmpo","Milwaukee Bucks",56,"19–20","56-17","L1",118.7,108.6,736,"Lost Conf Semi",0.777777777777778
"Triple-doubles","Luka Dončić","Dallas Mavericks",17,"19–20","43-32","L2",117,112.1,371,"Lost First Round",0.597222222222222
"Points","Damian Lillard","Portland Trail Blazers",61,"19-20","35-39","W3",115,116.1,-85,"Lost First Round",0.486111111111111
"Rebounds","Jonas Valančiūnas","Memphis Grizzlies",25,"19-20","34-39","W1",112.6,113.7,-78,"Did Not Make Playoffs",0.472222222222222
"Assists","LeBron James","Los Angeles Lakers",19,"19-20","52-19","L1",113.4,107.6,411,"Won
                            
                                Finals",0.722222222222222
"Assists","Luka Dončić","Dallas Mavericks",19,"19-20","43-32","L2",117,112.1,371,"Lost First Round",0.597222222222222
"Steals","Ben Simmons","Philadelphia 76ers",7,"19-20","43-30","W1",110.7,108.4,174,"Lost First Round",0.597222222222222
"Steals","Fred VanVleet","Toronto Raptors",7,"19-20","53-19","W4",112.8,106.5,449,"Lost Conf Semi",0.736111111111111
"Steals","Jonathan Isaac","Orlando Magic",7,"19-20","33-40","W1",107.3,108.3,-74,"Lost First Round",0.458333333333333
"Steals","Elfrid Payton","New York Knicks",7,"19-20","21-45","W1",105.8,112.3,-426,"Did Not Make Playoffs",0.291666666666667
"Steals","Dennis Smith Jr.","New York Knicks",7,"19-20","21-45","W1",105.8,112.3,-426,"Did Not Make Playoffs",0.291666666666667
"Steals","Ricky Rubio","Phoenix Suns",7,"19-20","34-39","W8",113.6,113.4,16,"Did Not Make Playoffs",0.472222222222222
"Steals","OG Anunoby","Toronto Raptors",7,"19-20","53-19","W4",112.8,106.5,449,"Lost Conf Semi",0.736111111111111
"Blocks","Hassan Whiteside","Portland Trail Blazers",10,"19-20","35-39","W3",115,116.1,-85,"Lost First Round",0.486111111111111
"Three-pointers","Zach LaVine","Chicago Bulls",13,"19-20","22-43","W1",106.8,109.9,-200,"Did Not Make Playoffs",0.305555555555556
"Points per game","Stephen Curry","Golden State Warriors",32,"20–21","39-33","W6",113.7,112.7,76,"Did Not Make Playoffs",0.541666666666667
"Rebounds per game","Clint Capela","Atlanta Hawks",14.3,"20–21","41-31","W4",113.7,111.4,167,"Lost Conf Finals",0.569444444444444
"Assists per game","Russell Westbrook","Washington Wizards",11.7,"20–21","34-38","W2",116.6,118.5,-132,"Lost First Round",0.472222222222222
"Steals per game","Jimmy Butler","Miami Heat",2.1,"20–21","40-32","W1",108.1,108,2,"Lost First Round",0.555555555555556
"Blocks per game","Myles Turner","Indiana Pacers",3.4,"20–21","34-38","W1",115.3,115.3,-3,"Did Not Make Playoffs",0.472222222222222
"Turnovers per game","Russell Westbrook","Washington Wizards",4.8,"20–21","34-38","W2",116.6,118.5,-132,"Lost First Round",0.472222222222222
"Fouls per game","Karl-Anthony Towns","Minnesota Timberwolves",3.7,"20–21","23-49","W1",112.1,117.7,-400,"Did Not Make Playoffs",0.319444444444444
"Minutes per game","Julius Randle","New York Knicks",37.6,"20–21","41-31","W3",107,104.7,166,"Lost First Round",0.569444444444444
"FG%","Rudy Gobert","Utah Jazz",67.4,"20–21","52-20","W2",116.4,107.2,666,"Lost Conf Semi",0.722222222222222
"FT%","Chris Paul","Phoenix Suns",93.4,"20–21","51-21","W3",115.3,109.5,419,"Lost Finals",0.708333333333333
"3FG%","Joe Harris","Brooklyn Nets",47.5,"20–21","48-24","W5",118.6,114.1,324,"Lost Conf Semi",0.666666666666667
"Efficiency per game","Nikola Jokić","Denver Nuggets",35.9,"20–21","47-25","L1",115.1,110.1,355,"Lost Conf Semi",0.652777777777778
"Double-doubles","Nikola Jokić","Denver Nuggets",60,"20–21","47-25","L1",115.1,110.1,355,"Lost Conf Semi",0.652777777777778
"Triple-doubles","Russell Westbrook","Washington Wizards",38,"20–21","34-38","W2",116.6,118.5,-132,"Lost First Round",0.472222222222222
"Points","Stephen Curry","Golden State Warriors",62,"20-21","39-33","W6",113.7,112.7,76,"Did Not Make Playoffs",0.541666666666667
"Rebounds","Enes Freedom","Portland Trail Blazers",30,"20-21","42-30","W1",116.1,114.3,129,"Lost First Round",0.583333333333333
"Assists","Russell Westbrook","Washington Wizards",24,"20-21","34-38","W2",116.6,118.5,-132,"Lost First Round",0.472222222222222
"Steals","T. J. McConnell","Indiana Pacers",10,"20-21","34-38","W1",115.3,115.3,-3,"Did Not Make Playoffs",0.472222222222222
"Blocks","Clint Capela","Atlanta Hawks",10,"20-21","41-31","W4",113.7,111.4,167,"Lost Conf Finals",0.569444444444444
"Three pointers","Stephen Curry","Golden State Warriors",11,"20-21","39-33","W6",113.7,112.7,76,"Did Not Make Playoffs",0.541666666666667
"Three pointers","Fred VanVleet","Toronto Raptors",11,"20-21","27-45","L7",111.3,111.7,-34,"Did Not Make Playoffs",0.375
"Points per game","Joel Embiid","Philadelphia 76ers",30.6,"21–22","51-31","W2",109.9,107.3,214,"Lost Conf Semi",0.708333333333333
"Rebounds per game","Rudy Gobert","Utah Jazz",14.7,"21–22","49-33","W1",113.6,107.6,495,"Lost First Round",0.680555555555556
"Assists per game","Chris Paul","Phoenix Suns",10.8,"21–22","64-18","L1",114.8,107.3,615,"Lost Conf Semi",0.888888888888889
"Steals per game","Dejounte Murray","San Antonio Spurs",2,"21–22","34-48","L3",113.2,113,10,"Did Not Make Playoffs",0.472222222222222
"Blocks per game","Jaren Jackson Jr.","Memphis Grizzlies",2.3,"21–22","56-26","L1",115.6,109.9,466,"Lost Conf Semi",0.777777777777778
"Turnovers per game","Luka Dončić","Dallas Mavericks",4.5,"21–22","52-30","W4",108,104.7,271,"Lost Conf Finals",0.722222222222222
"Fouls per game","Jae'Sean Tate","Houston Rockets",3.7,"21–22","20-62","L7",109.7,118.2,-695,"Did Not Make Playoffs",0.277777777777778
"Minutes per game","Pascal Siakam","Toronto Raptors",37.9,"21–22","48-34","L1",109.4,107.1,188,"Lost First Round",0.666666666666667
"FG%","Rudy Gobert","Utah Jazz",71.3,"21–22","49-33","W1",113.6,107.6,495,"Lost First Round",0.680555555555556
"FT%","Jordan Poole","Golden State Warriors",92.5,"21–22","53-29","W5",111,105.5,454,"Won
                            
                                Finals",0.736111111111111
"3FG%","Luke Kennard","Los Angeles Clippers",44.9,"21–22","42-40","W5",108.4,108.4,2,"Did Not Make Playoffs",0.583333333333333
"Efficiency per game","Nikola Jokić","Denver Nuggets",32.8,"21–22","48-34","L1",112.7,110.4,189,"Lost First Round",0.666666666666667
"Double-doubles","Nikola Jokić","Denver Nuggets",66,"21–22","48-34","L1",112.7,110.4,189,"Lost First Round",0.666666666666667
"Triple-doubles","Nikola Jokić","Denver Nuggets",19,"21–22","48-34","L1",112.7,110.4,189,"Lost First Round",0.666666666666667
"Points","Karl-Anthony Towns","Minnesota Timberwolves",60,"21-22","46-36","L1",115.9,113.3,216,"Lost First Round",0.638888888888889
"Points","Kyrie Irving","Brooklyn Nets",60,"21-22","44-38","W4",112.9,112.1,64,"Lost First Round",0.611111111111111
"Rebounds","Domantas Sabonis","Indiana Pacers",25,"21-22","25-57","L10",111.5,114.9,-285,"Did Not Make Playoffs",0.347222222222222
"Rebounds","Andre Drummond","Philadelphia 76ers",25,"21-22","51-31","W2",109.9,107.3,214,"Lost Conf Semi",0.708333333333333
"Assists","Darius Garland","Cleveland Cavaliers",19,"21-22","44-38","W1",107.8,105.7,174,"Did Not Make Playoffs",0.611111111111111
"Assists","Chris Paul","Phoenix Suns",19,"21-22","64-18","L1",114.8,107.3,615,"Lost Conf Semi",0.888888888888889
"Steals","Paul George","Los Angeles Clippers",8,"21-22","42-40","W5",108.4,108.4,2,"Did Not Make Playoffs",0.583333333333333
"Blocks","Daniel Gafford","Washington Wizards",8,"21-22","35-47","L3",108.6,112,-277,"Did Not Make Playoffs",0.486111111111111
"Blocks","Mitchell Robinson","New York Knicks",8,"21-22","37-45","W2",106.5,106.6,-10,"Did Not Make Playoffs",0.513888888888889
"Three pointers","Bojan Bogdanović","Utah Jazz",11,"21-22","49-33","W1",113.6,107.6,495,"Lost First Round",0.680555555555556
"Three pointers","Malik Beasley","Minnesota Timberwolves",11,"21-22","46-36","L1",115.9,113.3,216,"Lost First Round",0.638888888888889
"Three pointers","Robert Covington","Los Angeles Clippers",11,"21-22","42-40","W5",108.4,108.4,2,"Did Not Make Playoffs",0.583333333333333
"Points per game","Joel Embiid","Philadelphia 76ers",33.1,"22–23","54-28","W2",115.2,110.9,354,"Pending – In Playoffs",0.75
"Rebounds per game","Domantas Sabonis","Sacramento Kings",12.3,"22–23","48-34","L3",120.7,118.1,217,"Lost First Round",0.666666666666667
"Assists per game","James Harden","Philadelphia 76ers",10.7,"22–23","54-28","W2",115.2,110.9,354,"Pending – In Playoffs",0.75
"Steals per game","O.G. Anunoby","Toronto Raptors",1.9,"22–23","41-41","W1",112.9,111.4,121,"Did Not Make Playoffs",0.569444444444444
"Blocks per game","Jaren Jackson Jr.","Memphis Grizzlies",3,"22–23","51-31","L1",116.9,113,323,"Lost First Round",0.708333333333333
"Turnovers per game","Trae Young","Atlanta Hawks",4.1,"22–23","41-41","L2",118.4,118.1,24,"Lost First Round",0.569444444444444
"Fouls per game","Jaren Jackson Jr.","Memphis Grizzlies",3.6,"22–23","51-31","L1",116.9,113,323,"Lost First Round",0.708333333333333
"Minutes per game","Pascal Siakam","Toronto Raptors",37.3,"22–23","41-41","W1",112.9,111.4,121,"Did Not Make Playoffs",0.569444444444444
"FG%","Nic Claxton","Brooklyn Nets",70.5,"22–23","45-37","L1",113.4,112.5,70,"Lost First Round",0.625
"FT%","Tyler Herro","Miami Heat",93.4,"22–23","44-38","W1",109.5,109.8,-26,"Pending – In Playoffs",0.611111111111111
"3P%","Luke Kennard","Memphis Grizzlies",49.4,"22–23","51-31","L1",116.9,113,323,"Lost First Round",0.708333333333333
"Efficiency per game","Nikola Jokić","Denver Nuggets",38,"22–23","53-29","W1",115.8,112.5,273,"Pending – In Playoffs",0.736111111111111
"Double-doubles","Domantas Sabonis","Sacramento Kings",65,"22–23","48-34","L3",120.7,118.1,217,"Lost First Round",0.666666666666667
"Triple-doubles","Nikola Jokić","Denver Nuggets",29,"22–23","53-29","W1",115.8,112.5,273,"Pending – In Playoffs",0.736111111111111
"Points","Damian Lillard","Portland Trail Blazers",71,"22-23","33-49","L4",113.4,117.4,-329,"Did Not Make Playoffs",0.458333333333333
"Points","Donovan Mitchell","Cleveland Cavaliers",71,"22-23","51-31","L1",112.3,106.9,441,"Lost First Round",0.708333333333333
"Rebounds","Ivica Zubac","Los Angeles Clippers",29,"22-23","44-38","W3",113.6,113.1,41,"Lost First Round",0.611111111111111
"Assists","James Harden","Philadelphia 76ers",21,"22-23","54-28","W2",115.2,110.9,354,"Pending – In Playoffs",0.75
"Steals","De'Anthony Melton","Philadelphia 76ers",7,"22-23","54-28","W2",115.2,110.9,354,"Pending – In Playoffs",0.75
"Steals","D'Angelo Russell","Minnesota Timberwolves",7,"22-23","42-40","W3",115.8,115.8,-3,"Lost First Round",0.583333333333333
"Blocks","Brook Lopez","Milwaukee Bucks",9,"22-23","58-24","L2",116.9,113.3,298,"Lost First Round",0.805555555555556
"Three pointers","Damian Lillard","Portland Trail Blazers",13,"22-23","33-49","L4",113.4,117.4,-329,"Did Not Make Playoffs",0.458333333333333
